{
  "hash": "862142f3",
  "configHash": "8caa55e6",
  "lockfileHash": "c3ac9dfe",
  "browserHash": "5dfecbda",
  "optimized": {
    "@angular/core": {
      "src": "../../../../../node_modules/@angular/core/fesm2022/core.mjs",
      "file": "@angular_core.js",
      "fileHash": "8743e164",
      "needsInterop": false
    },
    "@angular/platform-browser": {
      "src": "../../../../../node_modules/@angular/platform-browser/fesm2022/platform-browser.mjs",
      "file": "@angular_platform-browser.js",
      "fileHash": "a3704e1e",
      "needsInterop": false
    },
    "@angular/router": {
      "src": "../../../../../node_modules/@angular/router/fesm2022/router.mjs",
      "file": "@angular_router.js",
      "fileHash": "0bd0708a",
      "needsInterop": false
    },
    "@angular/common": {
      "src": "../../../../../node_modules/@angular/common/fesm2022/common.mjs",
      "file": "@angular_common.js",
      "fileHash": "65e1da43",
      "needsInterop": false
    },
    "@angular/forms": {
      "src": "../../../../../node_modules/@angular/forms/fesm2022/forms.mjs",
      "file": "@angular_forms.js",
      "fileHash": "debeb15a",
      "needsInterop": false
    },
    "@angular/common/http": {
      "src": "../../../../../node_modules/@angular/common/fesm2022/http.mjs",
      "file": "@angular_common_http.js",
      "fileHash": "e846e59c",
      "needsInterop": false
    }
  },
  "chunks": {
    "chunk-VZAMPRR3": {
      "file": "chunk-VZAMPRR3.js"
    },
    "chunk-PDRTZV4O": {
      "file": "chunk-PDRTZV4O.js"
    },
    "chunk-B5HUQXFL": {
      "file": "chunk-B5HUQXFL.js"
    },
    "chunk-SRYCPNOB": {
      "file": "chunk-SRYCPNOB.js"
    }
  }
}